<beans xmlns="http://www.springframework.org/schema/beans"
	xmlns:mvc="http://www.springframework.org/schema/mvc" xmlns:xsi="http://www.w3.org/2001/XMLSchema-instance"
	xmlns:context="http://www.springframework.org/schema/context"
	xsi:schemaLocation="http://www.springframework.org/schema/beans
    http://www.springframework.org/schema/beans/spring-beans.xsd
    http://www.springframework.org/schema/mvc
    http://www.springframework.org/schema/mvc/spring-mvc.xsd
    http://www.springframework.org/schema/context
    http://www.springframework.org/schema/context/spring-context.xsd">



	<context:component-scan base-package="com.yarncoms" />
	<context:component-scan base-package="com.yarncoms.service" />
	<context:component-scan base-package="com.yarncoms.controller" />


	<mvc:resources mapping="/resources/**" location="/resources/theme/"
		cache-period="31556926" />

	<mvc:annotation-driven>
		<mvc:message-converters>
			<bean class="org.springframework.http.converter.StringHttpMessageConverter" />
			<bean
				class="org.springframework.http.converter.json.MappingJackson2HttpMessageConverter" />
		</mvc:message-converters>
	</mvc:annotation-driven>

</beans>